Date,Symbol,Company Name,Split Ratio
10/09/2024,SONY,Sony Group Corporation,1:5
10/03/2024,LRCX,Lam Research Corporation,1:10
09/30/2024,KDCLF,Unknown,1:3
09/12/2024,CTAS,Cintas Corporation,1:4
08/29/2024,TKSHF,"Takashimaya Company, Limited",1:2
08/07/2024,YZCAY,Yankuang Energy Group Company Limited,1:1
07/17/2024,EBCOY,Ebara Corporation,1:5
07/16/2024,NVDX,T-Rex 2X Long NVIDIA Daily Target ETF,1:10
07/15/2024,VTAK,Catheter Precision Inc,1:10
07/15/2024,CLDI,"Calidi Biotherapeutics, Inc",1:10
07/15/2024,USLM,"United States Lime & Minerals, Inc.",1:5
07/15/2024,AVGO,Broadcom Inc.,1:10
07/12/2024,IMCC,IM Cannabis,1:6
07/12/2024,NYCB,"New York Community Bancorp, Inc",1:3
07/11/2024,AMWL,Amwell,1:20
07/11/2024,CLNN,Clene Inc,1:20
07/11/2024,BURU,"NUBURU, Inc",1:40
07/10/2024,HOOK,HOOKIPA Pharma Inc,1:10
07/10/2024,TSRMF,Treasury Metals Inc,1:4
07/10/2024,FRES,Fresh2 Group Ltd,1:10
07/10/2024,MITSY,"Mitsui & Co., Ltd.",1:2
07/10/2024,HTHIY,"Hitachi, Ltd.",1:5
07/09/2024,WSM,"Williams-Sonoma, Inc.",1:2
07/09/2024,IONM,Assure Holdings Corp,1:18
07/09/2024,ASCCY,ASICS Corporation,1:4
07/08/2024,CJET,"Chijet Motor Company, Inc",1:30
07/08/2024,EFSH,1847 Holdings LLC,1:13
07/05/2024,RGBP,"Regen BioPharma, Inc.",1:3
07/05/2024,CETEF,Cathedral Energy Services Ltd,1:7
07/05/2024,RGBPP,"Regen BioPharma, Inc.",1:3
07/05/2024,RCCMF,G.E.T.T. Gold Inc,1:10
07/05/2024,PHIO,Phio Pharmaceuticals Corp,1:9
07/05/2024,SNFCA,Security National Financial Corporation,1:1
07/05/2024,CYN,Cyngn Inc,1:100
07/05/2024,ALTAF,Morella Corporation Limited,1:25
07/03/2024,TTMZF,Datable Technology Corp,1:10
07/03/2024,NUTX,Nutex Health Inc,1:10
07/03/2024,MDRR,"Medalist Diversified REIT, Inc",1:2
07/03/2024,ASLN,ASLAN Pharmaceuticals Limited,1:8
07/03/2024,JZXN,"Jiuzi Holdings, Inc",1:13
07/02/2024,ASST,Asset Entities Inc,1:5
07/01/2024,AZTR,"Azitra, Inc",1:30
07/01/2024,DARE,"Dare Bioscience, Inc",1:12
07/01/2024,YGMZ,MingZhu Logistics Holdings Limited,1:8
07/01/2024,KORE,"KORE Group Holdings, Inc",1:5
07/01/2024,RELI,"Reliance Global Group, Inc",1:17
07/01/2024,JDST,Direxion Daily Junior Gold Miners Index Bear 2X Shares ETF,1:10
07/01/2024,MYBUF,Meyer Burger Technology AG,1:750
06/28/2024,ESHSF,Eddy Smart Home Solns,1:100
06/28/2024,SPEYF,Spey Resources Corp,1:10
06/28/2024,WHLR,"Wheeler Real Estate Investment Trust, Inc",1:5
06/28/2024,NUWE,"Nuwellis, Inc",1:35
06/27/2024,CEJOF,Cresco Ltd.,1:2
06/27/2024,TMRNF,"Tamron Co.,Ltd.",1:2
06/27/2024,TYHOF,Toyota Tsusho Corporation,1:3
06/27/2024,MITSF,"Mitsui & Co., Ltd.",1:2
06/27/2024,EBCOF,Ebara Corporation,1:5
06/27/2024,ASCCF,ASICS Corporation,1:4
06/27/2024,ALNKF,Unknown,1:2
06/27/2024,FRUYF,Unknown,1:3
06/27/2024,RIGL,"Rigel Pharmaceuticals, Inc",1:10
06/27/2024,NHNKF,Nihon Kohden Corporation,1:2
06/27/2024,YYAI,Connexa Sports Technologies Inc,1:20
06/27/2024,HTHIF,"Hitachi, Ltd.",1:5
06/27/2024,NSSXF,NS Solutions Corporation,1:2
06/26/2024,CMG,"Chipotle Mexican Grill, Inc.",1:50
06/26/2024,OMIC,"Singular Genomics Systems, Inc",1:30
06/26/2024,STAF,"Staffing 360 Solutions, Inc",1:10
06/25/2024,NKLA,Nikola Corporation,1:30
06/25/2024,YADGF,Yadea Group Holdings Ltd.,1:1
06/25/2024,CRKN,Crown Electrokinetics Corp,1:150
06/24/2024,SABA,Saba Capital Income & Opportunities Fund II,1:2
06/24/2024,BBSI,"Barrett Business Services, Inc.",1:4
06/24/2024,CHMJF,Chemistree Technology Inc,1:10
06/21/2024,TECX,Tectonic Therapeutic Inc,1 : 12
06/21/2024,QLI,Qilian International Holding Group,1:5
06/21/2024,AVRO,"AVROBIO, Inc",1:12
06/20/2024,UREKF,Eureka Lithium Corp,1:10
06/20/2024,ALMS,Alumis Inc,1 : 4.68
06/20/2024,ATRA,Atara Biotherapeutics,1:25
06/20/2024,BJDX,"Bluejay Diagnostics, Inc",1:8
06/18/2024,CFRLF,China Aircraft Leasing Group Holdings Limited,1:1
06/18/2024,FORD,"Forward Industries, Inc",1:10
06/18/2024,CGUSY,"Casino, Guichard-Perrachon S.A.",1:100
06/18/2024,KWHAF,K. Wah International Holdings Limited,1:1
06/18/2024,GRI,"GRI Bio, Inc",1:13
06/18/2024,VSME,VS Media Holdings Limited,1:7
06/18/2024,RGXTF,Regenx Tech Corp,1:2
06/17/2024,SLRX,Salarius Pharmaceuticals,1:8
06/17/2024,CATX,"Perspective Therapeutics, Inc",1:10
06/17/2024,FNCNF,Fincantieri S.p.A.,1:10
06/17/2024,HYDR,Global X Hydrogen ETF,1:5
06/17/2024,SPCE,"Virgin Galactic Holdings, Inc",1:20
06/17/2024,STRR,Star Equity Holdings,1:5
06/17/2024,WKHS,Workhorse Group Inc,1:20
06/17/2024,CLIP,Global X 1-3 Month T-Bill ETF,1:4
06/14/2024,TRNR,Interactive Strength Inc,1:40
06/14/2024,TWOU,"2U, Inc",1:30
06/14/2024,CGUIF,"Casino, Guichard-Perrachon",1:100
06/14/2024,KRYXF,Koryx Copper Inc,1:5
06/13/2024,VLD,"Velo3D, Inc",1:35
06/13/2024,RBOT,Vicarious Surgical,1:30
06/13/2024,NAAS,NaaS Technology Inc,1:20
06/13/2024,DDNFF,Adamera Minerals Corp,1:10
06/12/2024,BNED,Barnes & Noble Education,1:100
06/12/2024,APH,Amphenol Corporation,1:2
06/12/2024,CEGHF,China Education Group Holdings Limited,1:1
06/12/2024,PEGY,Pineapple Energy,1:15
06/11/2024,KPRX,"Kiora Pharmaceuticals, Inc",1:9
06/11/2024,DM,"Desktop Metal, Inc",1:10
06/11/2024,CNQ,Canadian Natural Resources Limited,1:2
06/10/2024,NVDA,NVIDIA Corporation,1:10
06/10/2024,ICU,Seastar Medical Holding Corp,1 : 25
06/10/2024,RTC,Baijiayun Group Ltd.,1 : 5
06/10/2024,TNXP,Tonix Pharmaceuticals Holding Corp,1 : 32
06/07/2024,SSKN,Strata Skin Sciences Inc,1 : 10
06/07/2024,DBVT,Dbv Technologies SA,1 : 2
06/07/2024,CEAD,Cea Industries Inc,1 : 12
06/07/2024,VLCN,Volcon Inc,1 : 100
06/06/2024,QXO,Qxo Inc,1 : 8
06/06/2024,XYIGF,Xinyi Glass Holdings Limited,1:1
06/06/2024,XNYIF,Xinyi Solar Holdings Limited,1:1
06/06/2024,SNGX,Soligenix Inc,1 : 16
06/05/2024,CNSP,Cns Pharmaceuticals Inc,1 : 50
06/05/2024,SLTQY,SNGN Romgaz SA,1:10
06/05/2024,SCNQY,Unknown,1:10
06/05/2024,OSOL,Osprey Solana Trust,1:16
06/04/2024,LICY,Li-cycle Holdings Corp,1 : 8
06/03/2024,GWAV,Greenwave Technology Solutions Inc,1 : 149.93
06/03/2024,PLAG,Planet Green Holdings Corp,1 : 10
05/31/2024,DAFVF,Unknown,1:2
05/31/2024,NBY,Novabay Pharmaceuticals Inc,1 : 35
05/30/2024,BCDA,Biocardia Inc,1 : 15
05/30/2024,IGPTF,Unknown,1:4
05/30/2024,CDIGF,Unknown,1:1
05/29/2024,GV,Visionary Holdings Inc,1 : 15
05/28/2024,THAR,Tharimmune Inc,1 : 15
05/28/2024,SINT,Sintx Technologies Inc,1 : 200
05/24/2024,MTRJF,MTR Corporation Limited,1:1
05/24/2024,CIG,Companhia Energética de Minas Gerais - CEMIG,1:1
05/23/2024,JAGX,Jaguar Health Inc,1 : 59.99
05/23/2024,AKAN,Akanda Corp,1 : 40
05/22/2024,CIM,Chimera Investment Corp,1 : 3
05/21/2024,SCNI,Scinai Immunotherapeutics Ltd.,1 : 10
05/20/2024,GCTK,Glucotrack Inc,1 : 5
05/20/2024,SZIHF,Shenzhen International Holdings Limited,1:1
05/20/2024,BSFC,Blue Star Foods Corp,1 : 50
05/20/2024,NOSPF,Neoen S.A.,1:1
05/20/2024,OPGN,Opgen Inc,1 : 10
05/17/2024,MSBC,Mission Bancorp,1:1
05/17/2024,CTHR,Charles & Colvard Ltd.,1 : 10
05/17/2024,EDRVY,"EDP Renováveis, S.A.",1:1
05/17/2024,HSCS,Heart Test Laboratories Inc,1 : 100
05/16/2024,DRMA,Dermata Therapeutics Inc,1 : 15
05/16/2024,ELWS,Earlyworks Co Ltd.,1 : 5
05/16/2024,SAABY,Saab AB (publ),1:4
05/16/2024,SEEL,Seelos Therapeutics Inc,1 : 8
05/15/2024,BNR,Burning Rock Biotech Ltd.,1 : 10
05/15/2024,WAY,Waystar Holding Corp,1 : 1.65
05/14/2024,ADN,Advent Technologies Holdings Inc,1 : 30
05/14/2024,TIRX,Tian Ruixiang Holdings Ltd.,1 : 5
05/13/2024,ANZGF,ANZ Group Holdings Limited,1:1
05/13/2024,HKSHF,"The Hongkong and Shanghai Hotels, Limited",1:1
05/10/2024,ZH,Zhihu Inc,1 : 6
05/09/2024,TBIO,Telesis Bio Inc,1 : 18
05/09/2024,PHG,Koninklijke Philips N.V.,1:1
05/09/2024,STGC,"StartEngine Crowdfunding, Inc.",1:20
05/09/2024,HLPPF,Hang Lung Properties Limited,1:1
05/09/2024,GLBIF,Unknown,1:1
05/09/2024,CSYJF,CSE Global Limited,1:1
05/09/2024,EDVR,Endeavor Bancorp,1:1
05/08/2024,IVP,Inspire Veterinary Partners Inc,1 : 100
05/07/2024,SAABF,Saab AB (publ),1:4
05/06/2024,BZFD,Buzzfeed Inc,1 : 4
05/06/2024,OLB,Olb Group Inc,1 : 10
05/06/2024,ESLOF,EssilorLuxottica Société anonyme,1:1
05/03/2024,AEZS,Aeterna Zentaris Inc,1 : 4
05/03/2024,YTEN,Yield10 Bioscience Inc,1 : 24
05/02/2024,SGBX,Safe & Green Holdings Corp,1 : 20
05/01/2024,VINO,Gaucho Group Holdings Inc,1 : 10
05/01/2024,PPI,AXS Astoria Inflation Sensitive ETF,1:2
05/01/2024,SOPA,Society Pass Incorporated,1 : 15
05/01/2024,RCON,Recon Technology Ltd.,1 : 18
04/29/2024,BKKT,Bakkt Holdings Inc,1 : 25
04/26/2024,MDRKF,Unknown,1:5
04/26/2024,ZVSA,Zyversa Therapeutics Inc,1 : 10
04/26/2024,ATXI,Avenue Therapeutics Inc,1 : 75.02
04/25/2024,XTKG,X3 Holdings Co Ltd.,1:1
04/25/2024,APDN,Applied Dna Sciences Inc,1 : 20
04/25/2024,BDORY,Banco do Brasil S.A.,1:2
04/24/2024,CDTX,Cidara Therapeutics Inc,1 : 20
04/23/2024,MYSZ,My Size Inc,1 : 8
04/23/2024,ZAPP,Zapp Electric Vehicles Group Ltd.,1 : 20
04/23/2024,PIRS,Pieris Pharmaceuticals Inc,1 : 80
04/23/2024,MBLU,"Morris State Bancshares, Inc.",1:6
04/23/2024,BPTSY,Biophytis SA,1 : 40
04/22/2024,SMFL,Smart For Life Inc,1 : 7
04/22/2024,WINT,Windtree Therapeutics Inc,1 : 18
04/19/2024,GSUN,Golden Sun Health Technology Group Ltd.,1 : 10
04/19/2024,GSEFF,Covivio,1:1
04/18/2024,BENF,Beneficient,1 : 80
04/17/2024,SBFM,Sunshine Biopharma Inc,1 : 100
04/16/2024,NCNA,Nucana PLC,1 : 25
04/16/2024,CSPKF,COSCO SHIPPING Ports Limited,1:1
04/15/2024,WISA,Wisa Technologies Inc,1 : 149.93
04/15/2024,FRPH,"FRP Holdings, Inc.",1:2
04/15/2024,MRIN,Marin Software Inc,1 : 6
04/15/2024,GRRR,Gorilla Technology Group Inc,1 : 10
04/12/2024,FLNT,Fluent Inc,1 : 6
04/12/2024,MI,Nft Ltd.,1 : 50
04/12/2024,AGEN,Agenus Inc,1 : 20
04/12/2024,CISS,C3is Inc,1 : 100
04/12/2024,EZGO,Ezgo Technologies Ltd.,1 : 40
04/11/2024,SVXY,ProShares Short VIX Short-Term Futures ETF,1:2
04/11/2024,BON,Bon Natural Life Ltd.,1 : 10
04/11/2024,SMSI,Smith Micro Software Inc,1 : 8
04/11/2024,ISZNF,Unknown,1:5
04/11/2024,KOLD,ProShares UltraShort Bloomberg Natural Gas,1:2
04/10/2024,SPXN,ProShares S&P 500 ex-Financials ETF,1:2
04/10/2024,SPXV,ProShares S&P 500 ex-Health Care ETF,1:2
04/10/2024,SPXE,ProShares S&P 500 ex-Energy ETF,1:2
04/10/2024,TCON,Tracon Pharmaceuticals Inc,1 : 20
04/09/2024,TRUMY,Terumo Corporation,1:2
04/09/2024,WJRYY,West Japan Railway Company,1:2
04/09/2024,ALLR,Allarity Therapeutics Inc,1 : 20
04/08/2024,PALI,Palisade Bio Inc,1 : 15
04/05/2024,CCOEY,"Capcom Co., Ltd.",1:2
04/05/2024,QDMI,QDM International Inc.,1:10
04/05/2024,GLAD,Gladstone Capital Corp,1 : 2
04/05/2024,EDBL,Edible Garden Ag Inc,1 : 20
04/05/2024,RNAC,Cartesian Therapeutics Inc,1 : 30
04/05/2024,SNPX,Synaptogenix Inc,1 : 25
04/04/2024,ARBFF,ARB Corporation Limited,1:1
04/04/2024,STKH,Steakholder Foods Ltd.,1 : 10
04/03/2024,UCAR,U Power Ltd.,1 : 100
04/03/2024,RENT,Rent The Runway Inc,1 : 20
04/02/2024,DCFCQ,Tritium Dcfc Ltd.,1 : 200
04/02/2024,USSJY,"USS Co., Ltd.",1:2
04/02/2024,KIKOY,Kikkoman Corporation,1:5
04/02/2024,XXII,22nd Century Group Inc,1 : 16
04/02/2024,KAIKY,"Kawasaki Kisen Kaisha, Ltd.",1:1
04/02/2024,AWIN,Aerwins Technologies Inc,1 : 100
04/02/2024,MTSFY,"Mitsui Fudosan Co., Ltd.",1:3
04/02/2024,EMKR,Emcore Corp,1 : 10
04/02/2024,SZKMY,Suzuki Motor Corporation,1:4
04/02/2024,FJTSY,Fujitsu Limited,1:2
04/02/2024,FUJIY,FUJIFILM Holdings Corporation,1:6
04/02/2024,SSMXY,Sysmex Corporation,1:1
04/02/2024,FUJIF,FUJIFILM Holdings Corporation,1:3
04/02/2024,NRXP,Nrx Pharmaceuticals Inc,1 : 10
04/02/2024,SMPNY,"Sompo Holdings, Inc.",1:3
04/01/2024,CTNM,Contineum Therapeutics Inc,1 : 5.6
04/01/2024,UDOCF,Unidoc Health Corp.,1:2
04/01/2024,PLUR,Pluri Inc,1 : 8
03/28/2024,KIKOF,Kikkoman Corporation,1:5
03/28/2024,ODFL,"Old Dominion Freight Line, Inc.",1:2
03/28/2024,IWCCF,Unknown,1:2
03/28/2024,KYMCF,Unknown,1:2
03/28/2024,IUSDF,AS ONE Corporation,1:2
03/28/2024,KAKKF,"Kawasaki Kisen Kaisha, Ltd.",1:3
03/28/2024,EJPRF,East Japan Railway Company,1:3
03/28/2024,SNROF,"Sanrio Company, Ltd.",1:3
03/28/2024,JAPPF,"Japan System Techniques Co., Ltd.",1:2
03/28/2024,WJRYF,West Japan Railway Company,1:2
03/28/2024,CCOEF,"Capcom Co., Ltd.",1:2
03/28/2024,NSHKF,"Nippon Shokubai Co., Ltd.",1:4
03/28/2024,TDCSF,TDC SOFT Inc.,1:2
03/28/2024,KYWAF,"EXEO Group, Inc.",1:2
03/28/2024,DOYU,Douyu International Holdings Ltd.,1 : 10
03/28/2024,SBKLF,Sumitomo Bakelite Co Ltd,1:2
03/28/2024,TOEAF,"Toei Animation Co.,Ltd.",1:5
03/28/2024,TOEIF,"Toei Company, Ltd.",1:5
03/28/2024,MTSFF,"Mitsui Fudosan Co., Ltd.",1:3
03/28/2024,OSUKF,Otsuka Corporation,1:2
03/28/2024,TRUMF,Terumo Corporation,1:2
03/28/2024,MSADF,"MS&AD Insurance Group Holdings, Inc.",1:3
03/28/2024,FJTSF,Fujitsu Limited,1:10
03/28/2024,SZKMF,Suzuki Motor Corporation,1:4
03/28/2024,NHOLF,"Sompo Holdings, Inc.",1:3
03/28/2024,MHVYF,"Mitsubishi Heavy Industries, Ltd.",1:10
03/28/2024,USSJF,"USS Co., Ltd.",1:2
03/28/2024,NOFCF,NOF Corporation,1:3
03/28/2024,SSMXF,Sysmex Corporation,1:3
03/28/2024,OPTGF,Unknown,1:4
03/27/2024,TPL,Texas Pacific Land Corporation,1:3
03/27/2024,PVBK,Pacific Valley Bancorp,1:1
03/27/2024,LGVN,Longeveron Inc,1 : 10
03/27/2024,CTRM,Castor Maritime Inc,1 : 10
03/27/2024,ARLLF,Argan SA,1:1
03/27/2024,GHI,Greystone Housing Impact Investors LP,1:1
03/27/2024,CETXP,"Cemtrex, Inc.",1:1
03/26/2024,QTTB,Q32 Bio Inc,1 : 18
03/26/2024,CUBA,The Herzfeld Caribbean Basin Fund Inc.,1:1
03/25/2024,LINK,"Interlink Electronics, Inc.",1:1
03/25/2024,INTZ,Intrusion Inc,1 : 20
03/22/2024,BCAN,Bynd Cannasoft Enterprises Inc,1 : 190.11
03/22/2024,MLGO,Microalgo Inc,1 : 10
03/22/2024,LENZ,Lenz Therapeutics Inc,1 : 7
03/22/2024,ATER,Aterian Inc,1 : 12
03/22/2024,MBRX,Moleculin Biotech Inc,1 : 15
03/21/2024,BTTR,Better Choice Co Inc,1 : 43.99
03/21/2024,CSPI,CSP Inc.,1:2
03/21/2024,ADVM,Adverum Biotechnologies Inc,1 : 10
03/20/2024,FIXX,Unknown,1:2
03/19/2024,AEVA,Aeva Technologies Inc,1 : 5
03/19/2024,BOLD,Boundless Bio Inc,1 : 19.5
03/18/2024,YSG,Yatsen Holding Ltd.,1 : 5
03/15/2024,SER,Serina Therapeutics Inc,1 : 35.17
03/15/2024,LFWD,Lifeward Ltd.,1 : 7
03/14/2024,OTLK,Outlook Therapeutics Inc,1 : 20
03/13/2024,HPCO,Hempacco Co Inc,1 : 10
03/13/2024,NVDL,GraniteShares 2x Long NVDA Daily ETF,1:6
03/13/2024,XTIA,Xti Aerospace Inc,1 : 100
03/13/2024,FBL,GraniteShares 2x Long META Daily ETF,1:5
03/11/2024,NWSZF,NWS Holdings Limited,1:1
03/11/2024,BYRRF,Unknown,1:2
03/11/2024,AFMD,Affimed Nv,1 : 10
03/08/2024,GXAI,Gaxosai Inc,1 : 12
03/08/2024,GOEV,Canoo Inc,1 : 23
03/08/2024,CISO,Ciso Global Inc,1 : 15
03/08/2024,PGY,Pagaya Technologies Ltd.,1 : 12
03/07/2024,IGM,iShares Expanded Tech Sector ETF,1:6
03/07/2024,IYT,iShares Transportation Average ETF,1:4
03/07/2024,IYK,iShares US Consumer Staples ETF,1:3
03/07/2024,SOXX,iShares Semiconductor ETF,1:3
03/07/2024,PIK,Kidpik Corp,1 : 5
03/07/2024,IGV,iShares Expanded Tech-Software Sector ETF,1:5
03/07/2024,IHF,iShares U.S. Healthcare Providers ETF,1:5
03/07/2024,IYG,iShares U.S. Financial Services ETF,1:3
03/07/2024,IYH,iShares U.S. Healthcare ETF,1:5
03/07/2024,IHE,iShares U.S. Pharmaceuticals ETF,1:3
03/07/2024,SNLAF,Sino Land Company Limited,1:1
03/07/2024,BKEAF,"The Bank of East Asia, Limited",1:1
03/06/2024,APVO,Aptevo Therapeutics Inc,1 : 43.99
03/06/2024,CPHI,China Pharma Holdings Inc,1 : 5
03/06/2024,QBEIF,QBE Insurance Group Limited,1:1
03/05/2024,TR,"Tootsie Roll Industries, Inc.",1:1
03/05/2024,HVRRY,Hannover Rück SE,1:3
03/04/2024,SVNDY,"Seven & i Holdings Co., Ltd.",1:1
03/04/2024,LQR,LQR House Inc.,1:1
03/04/2024,IFBD,Infobird Co Ltd.,1 : 8
03/04/2024,AUNA,Auna SA,1 : 5.5
03/01/2024,EGIO,Edgio Inc,1 : 40
03/01/2024,RETO,Reto Eco-solutions Inc,1 : 10
03/01/2024,CJJD,China Jo-jo Drugstores Inc,1 : 20
03/01/2024,VRPX,Virpax Pharmaceuticals Inc,1 : 10
03/01/2024,FFIE,Faraday Future Intelligent Electric Inc,1 : 3
02/29/2024,ZCMD,Zhongchao Inc,1 : 10
02/29/2024,CELU,Celularity Inc,1 : 10
02/28/2024,SVNDF,"Seven & i Holdings Co., Ltd.",1:3
02/28/2024,ATNF,180 Life Sciences Corp,1 : 19
02/28/2024,FNRN,First Northern Community Bancorp,1:1
02/28/2024,SKXJF,"Sankyo Co., Ltd.",1:5
02/28/2024,SGIPF,"Sugi Holdings Co.,Ltd.",1:3
02/27/2024,PHUN,Phunware Inc,1 : 50
02/27/2024,AUUD,Auddia Inc,1 : 25
02/27/2024,TGL,Treasure Global Inc,1 : 69.98
02/26/2024,WMT,Walmart Inc.,1:3
02/23/2024,BPTH,Bio-path Holdings Inc,1 : 20
02/23/2024,TRIB,Trinity Biotech PLC,1 : 5
02/23/2024,LYT,Lytus Technologies Holdings Ptv Ltd.,1 : 59.99
02/22/2024,IJH,iShares Core S&P Mid-Cap ETF,1:5
02/20/2024,JZ,Jianzhi Education Technology Group Co Ltd.,1 : 3
02/20/2024,VCNX,Vaccinex Inc,1 : 14
02/20/2024,AMBO,Ambow Education Holding Ltd.,1 : 10
02/20/2024,COO,"The Cooper Companies, Inc.",1:4
02/20/2024,SHAOF,"SHIMAMURA Co., Ltd.",1:2
02/20/2024,ACB,Aurora Cannabis Inc,1 : 10
02/16/2024,AGVNF,Unknown,1:1
02/16/2024,SISI,Shineco Inc,1 : 10
02/15/2024,MYMD,Mymd Pharmaceuticals Inc,1 : 30
02/14/2024,EJH,E-home Household Service Holdings Ltd.,1 : 5
02/14/2024,CHRO,Chromocell Therapeutics Corp,1 : 9
02/14/2024,VRM,Vroom Inc,1 : 80
02/14/2024,DTIL,Precision Biosciences Inc,1 : 30
02/12/2024,ASMB,Assembly Biosciences Inc,1 : 12
02/12/2024,SGLY,Singularity Future Technology Ltd.,1 : 10
02/09/2024,UAVS,Ageagle Aerial Systems Inc,1 : 20
02/09/2024,GRYP,Gryphon Digital Mining Inc,1 : 20
02/08/2024,ZJYL,Jin Medical International Ltd.,1:20
02/05/2024,GTBP,Gt Biopharma Inc,1 : 30
02/05/2024,WSCO,Unknown,1:4
02/05/2024,FRGT,Freight Technologies Inc,1 : 10
02/02/2024,GNPX,Genprex Inc,1 : 40
02/02/2024,HOLO,Microcloud Hologram Inc,1 : 10
02/02/2024,AFOVF,Australian Foundation Investment Company Limited,1:1
02/02/2024,CAMPQ,Calamp Corp,1 : 23
02/02/2024,BSGM,Biosig Technologies Inc,1 : 10
02/01/2024,CMAX,Caremax Inc,1 : 30
02/01/2024,TCRT,Alaunos Therapeutics Inc,1 : 15
01/31/2024,GOVX,Geovax Labs Inc,1 : 15
01/30/2024,QGEN,Qiagen Nv,1 : 1.03
01/29/2024,HUBG,"Hub Group, Inc.",1:2
01/29/2024,INBS,Intelligent Bio Solutions Inc,1 : 12
01/29/2024,MMAT,Meta Materials Inc,1 : 100
01/26/2024,TC,Tuanche Ltd.,1 : 15
01/25/2024,CNBL,"Bonvenu Bancorp, Inc.",1:2
01/25/2024,INO,Inovio Pharmaceuticals Inc,1 : 12
01/25/2024,KAVL,Kaival Brands Innovations Group Inc,1 : 21
01/25/2024,REVB,Revelation Biosciences Inc,1 : 30
01/24/2024,INSG,Inseego Corp,1 : 10
01/24/2024,FBBPF,FIBRA Prologis,1:1
01/23/2024,DTSS,Datasea Inc,1 : 15
01/22/2024,NVVE,Nuvve Holding Corp,1 : 40
01/22/2024,EVAX,Evaxion Biotech A,1 : 10
01/22/2024,REBN,Reborn Coffee Inc,1 : 8
01/22/2024,MTSUY,Mitsubishi Corporation,1:3
01/22/2024,PCSA,Processa Pharmaceuticals Inc,1 : 20
01/19/2024,CLEU,China Liberal Education Holdings Ltd.,1 : 15
01/19/2024,CNEY,Cn Energy Group Inc,1 : 30
01/18/2024,PBLA,Panbela Therapeutics Inc,1 : 20
01/17/2024,AULT,Ault Alliance Inc,1 : 25
01/16/2024,UXIN,Uxin Ltd.,1 : 10
01/16/2024,AXIL,Axil Brands Inc,1 : 20
01/16/2024,RNAZ,Transcode Therapeutics Inc,1 : 40
01/12/2024,EFTR,Effector Therapeutics Inc,1 : 25
01/12/2024,KYOCY,Kyocera Corporation,1:4
01/10/2024,OMVKY,OMV Aktiengesellschaft,1:4
01/10/2024,MESO,Mesoblast Ltd.,1 : 2
01/09/2024,TTNP,Titan Pharmaceuticals Inc,1 : 20
01/08/2024,EIGRQ,Eiger Biopharmaceuticals Inc,1 : 30
01/08/2024,ONCT,Oncternal Therapeutics Inc,1 : 20
01/05/2024,SABS,Sab Biotherapeutics Inc,1 : 10
01/05/2024,DSS,Dss Inc,1 : 20
01/05/2024,IDKOY,"Idemitsu Kosan Co.,Ltd.",1:5
01/05/2024,MICRD,"Micron Solutions, Inc.",1:1000
01/04/2024,ACON,Aclarion Inc,1 : 16
01/04/2024,JSPR,Jasper Therapeutics Inc,1 : 10
01/03/2024,PRSO,Peraso Inc,1 : 40
01/03/2024,LXEH,Lixiang Education Holding Co Ltd.,1 : 2
01/03/2024,TENX,Tenax Therapeutics Inc,1 : 80
01/03/2024,URGYF,Bedford Metals Corp.,1:2
01/02/2024,TBLT,Toughbuilt Industries Inc,1 : 65.02
01/02/2024,KTTA,Pasithea Therapeutics Corp,1 : 20
01/02/2024,LNGPF,Longfor Group Holdings Limited,1:1
12/29/2023,AVTX,Avalo Therapeutics Inc,1 : 239.81
12/29/2023,VS,Versus Systems Inc,1 : 16
12/27/2023,NXU,Nxu Inc,1 : 149.93
12/27/2023,LIDR,Aeye Inc,1 : 30
12/22/2023,GMBL,Esports Entertainment Group Inc,1 : 400
12/21/2023,BKYI,Bio Key International Inc,1 : 18
12/21/2023,NRBO,Neurobo Pharmaceuticals Inc,1 : 8
12/21/2023,MULN,Mullen Automotive Inc,1 : 100
12/20/2023,WNW,Meiwu Technology Co Ltd.,1 : 35
12/20/2023,SCOR,Comscore Inc,1 : 20
12/20/2023,SIDU,Sidus Space Inc,1 : 100
12/20/2023,CGC,Canopy Growth Corp,1 : 10
12/20/2023,BBLG,Bone Biologics Corp,1 : 8
12/19/2023,NGNE,Neurogene Inc,1 : 4
12/19/2023,TFFP,Tff Pharmaceuticals Inc,1 : 25
12/18/2023,VRAX,Virax Biolabs Group Ltd.,1 : 10
12/18/2023,YQ,17 Education & Technology Group Inc,1 : 5
12/18/2023,CYCC,Cyclacel Pharmaceuticals Inc,1 : 15
12/18/2023,ENTO,Entero Therapeutics Inc,1 : 20
12/15/2023,TCBP,Tc Biopharm (holdings) PLC,1 : 20
12/15/2023,SING,Singlepoint Inc,1 : 26
12/15/2023,LU,Lufax Holding Ltd.,1 : 4
12/15/2023,HUBC,Hub Cyber Security Ltd.,1 : 10
12/14/2023,AIMD,Ainos Inc,1 : 5
12/14/2023,GENE,Genetic Technologies Ltd.,1 : 100
12/14/2023,SRZN,Surrozen Inc,1 : 15
12/13/2023,CYTO,Altamira Therapeutics Ltd.,1 : 20
12/12/2023,AUVIQ,Applied Uv Inc,1 : 25
12/11/2023,JG,Aurora Mobile Ltd.,1 : 20
12/11/2023,SNCR,Synchronoss Technologies Inc,1 : 9
12/08/2023,SNCE,Science 37 Holdings Inc,1 : 20
12/08/2023,CENN,Cenntro Inc,1 : 10
12/08/2023,TIL,Instil Bio Inc,1 : 20
12/07/2023,PAVM,Pavmed Inc,1 : 15
12/07/2023,XOS,Xos Inc,1 : 30
12/07/2023,XHG,Xchange Tecinc,1 : 40
12/05/2023,DEC,Diversified Energy Co PLC,1 : 20
12/04/2023,MCOM,Micromobilitycom Inc,1 : 149.93
12/04/2023,SYTA,Siyata Mobile Inc,1 : 7
12/04/2023,BNRG,Brenmiller Energy Ltd.,1 : 10
12/01/2023,ENG,Englobal Corp,1 : 8
11/30/2023,IXHL,Incannex Healthcare Inc,1 : 4
11/30/2023,CING,Cingulate Inc,1 : 20
11/30/2023,UK,Ucommune International Ltd.,1 : 12
11/29/2023,PRAX,Praxis Precision Medicines Inc,1 : 15
11/29/2023,RGS,Regis Corp,1 : 20
11/29/2023,IBIO,Ibio Inc,1 : 20
11/28/2023,CMND,Clearmind Medicine Inc,1 : 30
11/28/2023,YOSH,Yoshiharu Global Co.,1 : 10
11/27/2023,CHR,Cheer Holding Inc,1 : 10
11/22/2023,NURO,Neurometrix Inc,1 : 8
11/22/2023,BODI,Beachbody Company Inc,1 : 50
11/21/2023,VTVT,Vtv Therapeutics Inc,1 : 40
11/17/2023,AMTD,Amtd Idea Group,1 : 3
11/17/2023,TRVG,Trivago Nv,1 : 5
11/17/2023,SNES,Senestech Inc,1 : 12
11/16/2023,AEYGQ,Addvantage Technologies Group Inc,1 : 10
11/16/2023,MDXH,Mdxhealth SA,
11/16/2023,DDC,Ddc Enterprise Ltd.,1 : 16
11/15/2023,RVSN,Rail Vision Ltd.,1 : 8
11/15/2023,HYMC,Hycroft Mining Holding Corp,1 : 10
11/14/2023,XRTX,Xortx Therapeutics Inc,1 : 9
11/14/2023,PRE,Prenetics Global Ltd.,1 : 15
11/08/2023,QNRX,Quoin Pharmaceuticals Ltd.,
11/07/2023,FOXO,Foxo Technologies Inc,1 : 10
11/07/2023,NVOS,Novo Integrated Sciences Inc,1 : 10
11/07/2023,DOGZ,Dogness (international) Corp,1 : 20
11/06/2023,KRRO,Korro Bio Inc,1 : 50
11/03/2023,CANOQ,Cano Health Inc,1 : 100
11/03/2023,JFBR,Jeffs' Brands Ltd.,1 : 7
11/02/2023,TNON,Tenon Medical Inc,1 : 10
11/02/2023,MOTS,Motus Gi Holdings Inc,1 : 15
11/01/2023,BYFC,Broadway Financial Corp,1 : 8
10/31/2023,GYRE,Gyre Therapeutics Inc,1 : 15
10/31/2023,ALZN,Alzamend Neuro Inc,1 : 15
10/31/2023,PXMD,Paxmedica Inc,1 : 17
10/30/2023,GVP,Gse Systems Inc,1 : 10
10/30/2023,BYU,Baiyu Holdings Inc,1 : 50
10/27/2023,NOAH,Noah Holdings Ltd.,
10/27/2023,VVOS,Vivos Therapeutics Inc,1 : 25
10/27/2023,CPOP,Pop Culture Group Co Ltd.,1 : 10
10/27/2023,ZIVO,Zivo Bioscience Inc,1 : 6
10/27/2023,JWEL,Jowell Global Ltd.,1 : 16
10/26/2023,VHC,Virnetx Holding Corp,1 : 20
10/26/2023,GTH,Genetron Holdings Ltd.,1 : 3
10/23/2023,ADXN,Addex Therapeutics Ltd.,1 : 20
10/20/2023,POLCQ,Polishedcom Inc,1 : 50
10/20/2023,TRML,Tourmaline Bio Inc,1 : 10
10/19/2023,NEXI,Neximmune Inc,1 : 25
10/18/2023,WAVD,Wavedancer Inc,1 : 10
10/18/2023,REE,Ree Automotive Ltd.,1 : 30
10/18/2023,OCG,Oriental Culture Holding Ltd.,1 : 5
10/17/2023,IMTE,Integrated Media Technology Ltd.,1 : 10
10/17/2023,ISPO,Inspirato Inc,1 : 20
10/17/2023,NTBL,Notable Labs Ltd.,1 : 35
10/16/2023,SLNH,Soluna Holdings Inc,1 : 25
10/16/2023,MIND,Mind Technology Inc,1 : 10
10/16/2023,AQB,Aquabounty Technologies Inc,1 : 20
10/16/2023,PIXY,Shiftpixy Inc,1 : 24
10/16/2023,PROP,Prairie Operating Co.,1 : 28.57
10/16/2023,JCSE,Je Cleantech Holdings Ltd.,1 : 3
10/13/2023,LIFW,Msp Recovery Inc,1 : 25
10/13/2023,TTOO,T2 Biosystems Inc,1 : 100
10/12/2023,AMAM,Ambrx Biopharma Inc,
10/11/2023,WORX,Scworx Corp,1 : 15
10/11/2023,AGRI,Agriforce Growing Systems Ltd.,1 : 50
10/11/2023,EDSA,Edesa Biotech Inc,1 : 7
10/10/2023,FBIO,Fortress Biotech Inc,1 : 15
10/09/2023,SPRU,Spruce Power Holding Corp,1 : 8
10/06/2023,VVPR,Vivopower International PLC,1 : 10
10/06/2023,NITO,N2off Inc,1 : 7
10/05/2023,SXTC,China Sxt Pharmaceuticals Inc,1 : 25
10/05/2023,AEMD,Aethlon Medical Inc,1 : 10
10/03/2023,VCSA,Vacasa Inc,1 : 20
10/03/2023,IRS,Irsa Investments & Representations Inc,1 : 1.1
10/02/2023,NCTY,The9 Ltd.,1 : 10
10/02/2023,EBET,Ebet Inc,1 : 30
10/02/2023,AKA,Aka Brands Holding Corp,1 : 12
10/02/2023,UTRS,Minerva Surgical Inc,1 : 20
10/02/2023,SKIL,Skillsoft Corp,1 : 20
10/02/2023,ARR,Armour Residential Reit Inc,1 : 5
10/01/2023,HMC,Honda Motor Co Ltd.,
09/29/2023,FATH,Fathom Digital Manufacturing Corp,1 : 20
09/29/2023,CRIS,Curis Inc,1 : 20
09/29/2023,TOPS,Top Ships Inc,1 : 12
09/28/2023,NVNI,Nvni Group Ltd.,1 : 6.87
09/28/2023,SYBX,Synlogic Inc,1 : 15
09/28/2023,XWEL,Xwell Inc,1 : 20
09/28/2023,SPRC,Scisparc Ltd.,1 : 26
09/27/2023,RBTC,Rubicon Technologies Inc,1 : 8
09/26/2023,FTK,Flotek Industries Inc,1 : 6
09/25/2023,FAMI,Farmmi Inc,1 : 8
09/22/2023,CPTN,Cepton Inc,1 : 10
09/22/2023,NTRP,Nexttrip Inc,1 : 20
09/22/2023,PRPO,Precipio Inc,1 : 20
09/21/2023,SMTK,Smartkem Inc,1 : 35
09/21/2023,SOND,Sonder Holdings Inc,1 : 20
09/21/2023,PYPD,Polypid Ltd.,1 : 30
09/20/2023,SOGP,Sound Group Inc,1 : 10
09/20/2023,DATS,Datchat Inc,1 : 10
09/19/2023,AXLA,Axcella Health Inc,1 : 25
09/18/2023,AEHL,Antelope Enterprise Holdings Ltd.,1 : 10
09/18/2023,PHXM,Phaxiam Therapeutics SA,1 : 10
09/18/2023,AYRO,Ayro Inc,1 : 8
09/15/2023,KXIN,Kaixin Holdings,1 : 15
09/14/2023,ASTR,Astra Space Inc,1 : 15
09/13/2023,AVGR,Avinger Inc,1 : 15
09/12/2023,ASTI,Ascent Solar Technologies Inc,1 : 200
09/12/2023,LFLY,Leafly Holdings Inc,1 : 20
09/12/2023,AMPE,Ampio Pharmaceuticals Inc,1 : 20
09/12/2023,DNTH,Dianthus Therapeutics Inc,1 : 16
09/12/2023,WETH,Wetouch Technology Inc,1 : 20
09/11/2023,SLE,Super League Enterprise Inc,1 : 20
09/11/2023,ABAT,American Battery Technology Co.,1 : 15
09/08/2023,SKYE,Skye Bioscience Inc,1 : 250
09/08/2023,SYRE,Spyre Therapeutics Inc,1 : 25
09/08/2023,ACFN,Acorn Energy Inc,1 : 16
09/08/2023,BACK,Imac Holdings Inc,1 : 30
09/07/2023,RVYL,Ryvyl Inc,1 : 10
09/07/2023,GROM,Grom Social Enterprises Inc,1 : 20
09/05/2023,HARP,Harpoon Therapeutics Inc,1 : 10
09/05/2023,WEWKQ,Wework Inc,1 : 40
09/01/2023,HLGN,Heliogen Inc,1 : 35
09/01/2023,SONN,Sonnet Biotherapeutics Holdings Inc,1 : 22
08/31/2023,SPIR,Spire Global Inc,1 : 8
08/31/2023,SEQL,Seqll Inc,1 : 40
08/31/2023,EXPR,Express Inc,1 : 20
08/29/2023,DMSL,Digital Media Solutions Inc,1 : 15
08/25/2023,ICCT,Icoreconnect Inc,1 : 29.84
08/25/2023,RCRT,Recruitercom Group Inc,1 : 15
08/25/2023,CLVV,Clever Leaves Holdings Inc,1 : 30
08/25/2023,IDEX,Ideanomics Inc,1 : 125
08/24/2023,AMC,Amc Entertainment Holdings Inc,1 : 10
08/24/2023,MNTS,Momentus Inc,1 : 50
08/24/2023,BTCT,Btc Digital Ltd.,1 : 20
08/23/2023,SUNLQ,Sunlight Financial Holdings Inc,1 : 20
08/23/2023,TIVC,Tivic Health Systems Inc,1 : 100
08/22/2023,DBGI,Digital Brands Group Inc,1 : 25
08/21/2023,SMX,Smx (security Matters) Public Ltd Co.,1 : 22
08/21/2023,BQ,Boqii Holding Ltd.,1 : 3.33
08/18/2023,VAPO,Vapotherm Inc,1 : 8
08/18/2023,ADTX,Aditxt Inc,1 : 40
08/17/2023,AKTX,Akari Therapeutics PLC,1 : 20
08/17/2023,HSDT,Helius Medical Technologies Inc,1 : 50
08/17/2023,CRVO,Cervomed Inc,1 : 1.5
08/16/2023,WATT,Energous Corp,1 : 20
08/14/2023,MTEM,Molecular Templates Inc,1 : 15
08/14/2023,MOGO,Mogo Inc,1 : 3
08/10/2023,LTRY,Lotterycom Inc,1 : 20
08/07/2023,MOBQ,Mobiquity Technologies Inc,1 : 15
08/07/2023,BNGO,Bionano Genomics Inc,1 : 10
