Date,Symbol,Company Name,Split Ratio
10/09/2024,SONY,Sony Group Corporation,1:5
10/03/2024,LRCX,Lam Research Corporation,1:10
09/30/2024,KDCLF,Unknown,1:3
09/12/2024,CTAS,Cintas Corporation,1:4
08/29/2024,TKSHF,"Takashimaya Company, Limited",1:2
08/07/2024,YZCAY,Yankuang Energy Group Company Limited,1:1
07/17/2024,EBCOY,Ebara Corporation,1:5
07/16/2024,NVDX,T-Rex 2X Long NVIDIA Daily Target ETF,1:10
07/15/2024,USLM,"United States Lime & Minerals, Inc.",1:5
07/15/2024,AVGO,Broadcom Inc.,1:10
07/10/2024,MITSY,"Mitsui & Co., Ltd.",1:2
07/10/2024,HTHIY,"Hitachi, Ltd.",1:5
07/09/2024,WSM,"Williams-Sonoma, Inc.",1:2
07/09/2024,ASCCY,ASICS Corporation,1:4
07/05/2024,SNFCA,Security National Financial Corporation,1:1
07/05/2024,RGBPP,"Regen BioPharma, Inc.",1:3
07/05/2024,RGBP,"Regen BioPharma, Inc.",1:3
07/03/2024,MDRR,"Medalist Diversified REIT, Inc.",1:5
06/27/2024,TYHOF,Toyota Tsusho Corporation,1:3
06/27/2024,TMRNF,"Tamron Co.,Ltd.",1:2
06/27/2024,NSSXF,NS Solutions Corporation,1:2
06/27/2024,NHNKF,Nihon Kohden Corporation,1:2
06/27/2024,MITSF,"Mitsui & Co., Ltd.",1:2
06/27/2024,HTHIF,"Hitachi, Ltd.",1:5
06/27/2024,FRUYF,Unknown,1:3
06/27/2024,EBCOF,Ebara Corporation,1:5
06/27/2024,CEJOF,Cresco Ltd.,1:2
06/27/2024,ASCCF,ASICS Corporation,1:4
06/27/2024,ALNKF,Unknown,1:2
06/26/2024,CMG,"Chipotle Mexican Grill, Inc.",1:50
06/25/2024,YADGF,Yadea Group Holdings Ltd.,1:1
06/24/2024,BBSI,"Barrett Business Services, Inc.",1:4
06/18/2024,KWHAF,K. Wah International Holdings Limited,1:1
06/18/2024,CFRLF,China Aircraft Leasing Group Holdings Limited,1:1
06/12/2024,CEGHF,China Education Group Holdings Limited,1:1
06/12/2024,APH,Amphenol Corporation,1:2
06/11/2024,CNQ,Canadian Natural Resources Limited,1:2
06/10/2024,NVDA,NVIDIA Corporation,1:10
06/06/2024,XYIGF,Xinyi Glass Holdings Limited,1:1
06/06/2024,XNYIF,Xinyi Solar Holdings Limited,1:1
06/05/2024,SLTQY,SNGN Romgaz SA,1:10
06/05/2024,SCNQY,Unknown,1:10
06/05/2024,OSOL,Osprey Solana Trust,1:16
05/31/2024,DAFVF,Unknown,1:2
05/30/2024,IGPTF,Unknown,1:4
05/30/2024,CDIGF,Unknown,1:1
05/24/2024,MTRJF,MTR Corporation Limited,1:1
05/24/2024,CIG,Companhia Energética de Minas Gerais - CEMIG,1:1
05/20/2024,SZIHF,Shenzhen International Holdings Limited,1:1
05/20/2024,NOSPF,Neoen S.A.,1:1
05/17/2024,MSBC,Mission Bancorp,1:1
05/17/2024,EDRVY,"EDP Renováveis, S.A.",1:1
05/16/2024,SAABY,Saab AB (publ),1:4
05/13/2024,HKSHF,"The Hongkong and Shanghai Hotels, Limited",1:1
05/13/2024,ANZGF,ANZ Group Holdings Limited,1:1
05/09/2024,STGC,"StartEngine Crowdfunding, Inc.",1:20
05/09/2024,PHG,Koninklijke Philips N.V.,1:1
05/09/2024,HLPPF,Hang Lung Properties Limited,1:1
05/09/2024,GLBIF,Unknown,1:1
05/09/2024,EDVR,Endeavor Bancorp,1:1
05/09/2024,CSYJF,CSE Global Limited,1:1
05/07/2024,SAABF,Saab AB (publ),1:4
05/06/2024,ESLOF,EssilorLuxottica Société anonyme,1:1
05/01/2024,PPI,AXS Astoria Inflation Sensitive ETF,1:2
04/26/2024,MDRKF,Unknown,1:5
04/25/2024,XTKG,X3 Holdings Co Ltd.,1:1
04/25/2024,BDORY,Banco do Brasil S.A.,1:2
04/23/2024,MBLU,"Morris State Bancshares, Inc.",1:6
04/19/2024,GSEFF,Covivio,1:1
04/16/2024,CSPKF,COSCO SHIPPING Ports Limited,1:1
04/15/2024,FRPH,"FRP Holdings, Inc.",1:2
04/11/2024,SVXY,ProShares Short VIX Short-Term Futures ETF,1:2
04/11/2024,KOLD,ProShares UltraShort Bloomberg Natural Gas,1:2
04/11/2024,ISZNF,Unknown,1:5
04/10/2024,SPXV,ProShares S&P 500 ex-Health Care ETF,1:2
04/10/2024,SPXN,ProShares S&P 500 ex-Financials ETF,1:2
04/10/2024,SPXE,ProShares S&P 500 ex-Energy ETF,1:2
04/09/2024,WJRYY,West Japan Railway Company,1:2
04/09/2024,TRUMY,Terumo Corporation,1:2
04/05/2024,QDMI,QDM International Inc.,1:10
04/05/2024,CCOEY,"Capcom Co., Ltd.",1:2
04/04/2024,ARBFF,ARB Corporation Limited,1:1
04/02/2024,USSJY,"USS Co., Ltd.",1:2
04/02/2024,SZKMY,Suzuki Motor Corporation,1:4
04/02/2024,SSMXY,Sysmex Corporation,1:1
04/02/2024,SMPNY,"Sompo Holdings, Inc.",1:3
04/02/2024,MTSFY,"Mitsui Fudosan Co., Ltd.",1:3
04/02/2024,KIKOY,Kikkoman Corporation,1:5
04/02/2024,KAIKY,"Kawasaki Kisen Kaisha, Ltd.",1:1
04/02/2024,FUJIY,FUJIFILM Holdings Corporation,1:6
04/02/2024,FUJIF,FUJIFILM Holdings Corporation,1:3
04/02/2024,FJTSY,Fujitsu Limited,1:2
04/01/2024,UDOCF,Unidoc Health Corp.,1:2
03/28/2024,WJRYF,West Japan Railway Company,1:2
03/28/2024,USSJF,"USS Co., Ltd.",1:2
03/28/2024,TRUMF,Terumo Corporation,1:2
03/28/2024,TOEIF,"Toei Company, Ltd.",1:5
03/28/2024,TOEAF,"Toei Animation Co.,Ltd.",1:5
03/28/2024,TDCSF,TDC SOFT Inc.,1:2
03/28/2024,SZKMF,Suzuki Motor Corporation,1:4
03/28/2024,SSMXF,Sysmex Corporation,1:3
03/28/2024,SNROF,"Sanrio Company, Ltd.",1:3
03/28/2024,SBKLF,Sumitomo Bakelite Co Ltd,1:2
03/28/2024,OSUKF,Otsuka Corporation,1:2
03/28/2024,OPTGF,Unknown,1:4
03/28/2024,ODFL,"Old Dominion Freight Line, Inc.",1:2
03/28/2024,NSHKF,"Nippon Shokubai Co., Ltd.",1:4
03/28/2024,NOFCF,NOF Corporation,1:3
03/28/2024,NHOLF,"Sompo Holdings, Inc.",1:3
03/28/2024,MTSFF,"Mitsui Fudosan Co., Ltd.",1:3
03/28/2024,MSADF,"MS&AD Insurance Group Holdings, Inc.",1:3
03/28/2024,MHVYF,"Mitsubishi Heavy Industries, Ltd.",1:10
03/28/2024,KYWAF,"EXEO Group, Inc.",1:2
03/28/2024,KYMCF,Unknown,1:2
03/28/2024,KIKOF,Kikkoman Corporation,1:5
03/28/2024,KAKKF,"Kawasaki Kisen Kaisha, Ltd.",1:3
03/28/2024,JAPPF,"Japan System Techniques Co., Ltd.",1:2
03/28/2024,IWCCF,Unknown,1:2
03/28/2024,IUSDF,AS ONE Corporation,1:2
03/28/2024,FJTSF,Fujitsu Limited,1:10
03/28/2024,EJPRF,East Japan Railway Company,1:3
03/28/2024,CCOEF,"Capcom Co., Ltd.",1:2
03/27/2024,TPL,Texas Pacific Land Corporation,1:3
03/27/2024,PVBK,Pacific Valley Bancorp,1:1
03/27/2024,GHI,Greystone Housing Impact Investors LP,1:1
03/27/2024,CETXP,"Cemtrex, Inc.",1:1
03/27/2024,ARLLF,Argan SA,1:1
03/26/2024,CUBA,The Herzfeld Caribbean Basin Fund Inc.,1:1
03/25/2024,LINK,"Interlink Electronics, Inc.",1:1
03/21/2024,CSPI,CSP Inc.,1:2
03/20/2024,FIXX,Unknown,1:2
03/13/2024,NVDL,GraniteShares 2x Long NVDA Daily ETF,1:6
03/13/2024,FBL,GraniteShares 2x Long META Daily ETF,1:5
03/11/2024,NWSZF,NWS Holdings Limited,1:1
03/11/2024,BYRRF,Unknown,1:2
03/07/2024,SOXX,iShares Semiconductor ETF,1:3
03/07/2024,SNLAF,Sino Land Company Limited,1:1
03/07/2024,IYT,iShares Transportation Average ETF,1:4
03/07/2024,IYK,iShares US Consumer Staples ETF,1:3
03/07/2024,IYH,iShares U.S. Healthcare ETF,1:5
03/07/2024,IYG,iShares U.S. Financial Services ETF,1:3
03/07/2024,IHF,iShares U.S. Healthcare Providers ETF,1:5
03/07/2024,IHE,iShares U.S. Pharmaceuticals ETF,1:3
03/07/2024,IGV,iShares Expanded Tech-Software Sector ETF,1:5
03/07/2024,IGM,iShares Expanded Tech Sector ETF,1:6
03/07/2024,BKEAF,"The Bank of East Asia, Limited",1:1
03/06/2024,QBEIF,QBE Insurance Group Limited,1:1
03/05/2024,TR,"Tootsie Roll Industries, Inc.",1:1
03/05/2024,HVRRY,Hannover Rück SE,1:3
03/04/2024,SVNDY,"Seven & i Holdings Co., Ltd.",1:1
03/04/2024,LQR,LQR House Inc.,1:1
02/28/2024,SVNDF,"Seven & i Holdings Co., Ltd.",1:3
02/28/2024,SKXJF,"Sankyo Co., Ltd.",1:5
02/28/2024,SGIPF,"Sugi Holdings Co.,Ltd.",1:3
02/28/2024,FNRN,First Northern Community Bancorp,1:1
02/26/2024,WMT,Walmart Inc.,1:3
02/22/2024,IJH,iShares Core S&P Mid-Cap ETF,1:5
02/20/2024,SHAOF,"SHIMAMURA Co., Ltd.",1:2
02/20/2024,COO,"The Cooper Companies, Inc.",1:4
02/16/2024,AGVNF,Unknown,1:1
02/15/2024,CEGHF,China Education Group Holdings Limited,1:1
02/08/2024,ZJYL,Jin Medical International Ltd.,1:20
02/05/2024,WSCO,Unknown,1:4
02/02/2024,AFOVF,Australian Foundation Investment Company Limited,1:1
01/29/2024,HUBG,"Hub Group, Inc.",1:2
01/25/2024,CNBL,"Bonvenu Bancorp, Inc.",1:2
01/24/2024,FBBPF,FIBRA Prologis,1:1
01/22/2024,MTSUY,Mitsubishi Corporation,1:3
01/12/2024,KYOCY,Kyocera Corporation,1:4
01/10/2024,OMVKY,OMV Aktiengesellschaft,1:4
01/05/2024,MICRD,"Micron Solutions, Inc.",1:1000
01/05/2024,IDKOY,"Idemitsu Kosan Co.,Ltd.",1:5
01/03/2024,URGYF,Bedford Metals Corp.,1:2
01/02/2024,LNGPF,Longfor Group Holdings Limited,1:1
